<?xml version="1.0" encoding="utf-8" ?>
<!DOCTYPE article PUBLIC "-//NLM//DTD JATS (Z39.96) Journal Archiving
and Interchange DTD v1.2 20190208//EN" "JATS-archivearticle1.dtd">

<article xmlns:mml="http://www.w3.org/1998/Math/MathML" xmlns:xlink="http://www.w3.org/1999/xlink" dtd-version="1.2" article-type="other">

<front>


<article-meta>


<title-group>
<article-title>Adaptive Introgression Shapes the Pan-genome of Populus
Hybrid Zones</article-title>
</title-group>

<contrib-group>
<contrib contrib-type="author">
<name>
<surname>Worthing</surname>
<given-names>Baxter</given-names>
</name>
<string-name>Baxter Worthing</string-name>

<email>baxter.worthing@uvm.edu</email>
<xref ref-type="aff" rid="aff-1">a</xref>
</contrib>
</contrib-group>
<aff id="aff-1">
<institution-wrap>
<institution>The University of Vermont</institution>
</institution-wrap>







</aff>









<history></history>


<abstract>
<p>Poplar trees…</p>
</abstract>




</article-meta>

</front>

<body>
<sec id="introduction">
  <title>0.1 Introduction</title>
  <p>Hybridization between distinct species can lead to the exchange of
  genetic variation across species boundaries, a process known as
  introgression. Introgression is common among inter-fertile species of
  forest trees, and in many cases, is hypothesized to be an adaptive
  process, through which genetic variation related to locally-adaptive
  phenotypes is passed from one species to the other
  (<xref alt="Suarez-Gonzalez, Lexer, and Cronk 2018" rid="ref-suarez2018adaptive" ref-type="bibr">Suarez-Gonzalez,
  Lexer, and Cronk 2018</xref>;
  <xref alt="Leroy et al. 2020" rid="ref-leroy2020adaptive" ref-type="bibr">Leroy
  et al. 2020</xref>;
  <xref alt="Rendón-Anaya et al. 2021" rid="ref-rendon2021adaptive" ref-type="bibr">Rendón-Anaya
  et al. 2021</xref>;
  <xref alt="Hamilton and Miller 2016" rid="ref-hamilton2016adaptive" ref-type="bibr">Hamilton
  and Miller 2016</xref>) Support for this hypothesis requires a clearer
  understanding of the nature of genetic variation that is exchanged
  between species, and the degree to which this variation is involved in
  adaptive processes in natural populations. Characterization of the
  genetic variation involved in adaptive introgression would shed light
  on the evolutionary forces that influence the content of admixed
  genomes and help reveal the loci that underlie both the adaptive
  traits and genetic incompatibilities that shape species
  boundaries.</p>
  <p>The majority of past research on adaptive introgression has focused
  on single nucleotide polymorphisms (SNPs) and small indels, but
  structural variation (SV) is also likely to play a role in adaptive
  introgression. SV, which includes deletions, duplications, inversions,
  and translocations of DNA segments, can have a significant impact on
  gene expression, gene function, and ultimately, adaptive phenotypic
  variation. For this reason, SV is known to be a major source of
  genetic variation in many species, and has been implicated in the
  evolution of adaptive traits in a variety of taxa
  (<xref alt="Hämälä et al. 2021" rid="ref-hamala2021genomic" ref-type="bibr">Hämälä
  et al. 2021</xref>;
  <xref alt="Songsomboon et al. 2021" rid="ref-songsomboon2021genomic" ref-type="bibr">Songsomboon
  et al. 2021</xref>;
  <xref alt="Y. Li et al. 2024" rid="ref-li2024pan" ref-type="bibr">Y.
  Li et al. 2024</xref>;
  <xref alt="Z. Li et al. 2023" rid="ref-li2023pig" ref-type="bibr">Z.
  Li et al. 2023</xref>). As the notion that SV is involved in adaptive
  evolution gains support, it is only logical to ask is how SV is
  involved in adaptive introgression. Recent research suggests that SV
  may play an important role in both adaptive introgression
  (<xref alt="Almarri et al. 2020" rid="ref-almarri2020population" ref-type="bibr">Almarri
  et al. 2020</xref>;
  <xref alt="Xia et al. 2023" rid="ref-xia2023structural" ref-type="bibr">Xia
  et al. 2023</xref>;
  <xref alt="X. Zhang et al. 2021" rid="ref-zhang2021pan" ref-type="bibr">X.
  Zhang et al. 2021</xref>) and in the maintenance of species boundaries
  (<xref alt="L. Zhang et al. 2021" rid="ref-zhang2021important" ref-type="bibr">L.
  Zhang et al. 2021</xref>) in natural systems. Introgression between
  crop varietals and wild relatives has been a key factor in the
  breeding history of many crops, and recent work shows that SV are
  often the casual variants involved in this process [Gao et al.
  (<xref alt="2019" rid="ref-gao2019tomato" ref-type="bibr">2019</xref>);
  Kou et al.
  (<xref alt="2020" rid="ref-kou2020evolutionary" ref-type="bibr">2020</xref>);
  Cheng et al.
  (<xref alt="2019" rid="ref-cheng2019frequent" ref-type="bibr">2019</xref>);
  Sun et al., 2020; Qiao et al., 2021; Zanini et al., 2021 ]. While the
  significant effect of introgressed SV on economically important crop
  traits is well recognized, far less in known about the relationship
  between introgression, SV and ecologically important traits in natural
  hybrid zones.</p>
  <p>The study of SV in natural hybrid zones is challenging, as it
  requires the ability to accurately genotype SV in a large number of
  admixed individuals. The majority of past research on SV in natural
  populations has relied on reference genomes that represent only one
  species, which can lead to reference bias. Reference bias occurs when
  the genomes of re sequenced individuals contain regions that are
  highly diverged from the reference genome , causing reads originating
  from these regions to align incorrectly, or not align at all to the
  reference genome. This can lead to misinterpretation or
  under-representation of variation resulting from admixture
  (<xref alt="Secomandi et al. 2025" rid="ref-secomandi2025pangenome" ref-type="bibr">Secomandi
  et al. 2025</xref>). Reference bias is particularly problematic when
  studying SV, as large insertions and deletions may be longer than
  sequencing reads, making variation in their presence and absence (PAV)
  challenging to detect. Furthermore, SV is often species-specific and,
  because admixed individuals represent a mosaic of genetic variation
  from two or more species, the presence of reference bias can obscure
  the effect that the presence (or absence) of genetic variation has on
  traits, and can hinder the identification of SV that is involved in
  introgression.</p>
  <p>Recently, an increasing number of studies have relied on pan-genome
  assembly to overcome reference bias and to accurately genotype SV
  (<xref alt="Secomandi et al. 2025" rid="ref-secomandi2025pangenome" ref-type="bibr">Secomandi
  et al. 2025</xref>;
  <xref alt="Gao et al. 2019" rid="ref-gao2019tomato" ref-type="bibr">Gao
  et al. 2019</xref>;
  <xref alt="Z. Li et al. 2023" rid="ref-li2023pig" ref-type="bibr">Z.
  Li et al. 2023</xref>;
  <xref alt="Y. Li et al. 2024" rid="ref-li2024pan" ref-type="bibr">Y.
  Li et al. 2024</xref>;
  <xref alt="Songsomboon et al. 2021" rid="ref-songsomboon2021genomic" ref-type="bibr">Songsomboon
  et al. 2021</xref>). A pan-genome assembly is a non-redundant
  collection of sequences originating from multiple individuals. This
  genetic information can be represented as “nodes” in a pan-genome
  graph, while the linear sequence of each input genome is stored as a
  “path” connecting a series of nodes. In a pan-genome graph, each node
  describes the alignment between at least two sequences, given an
  expected level of sequence divergence. Pan-genome graphs can capture
  complex variation that is not present in a single reference genome,
  and can provide a more accurate representation of the genetic
  variation present in admixed individuals. Pan-genome assembly has been
  used to identify and genotype SV related to ecologically and
  economically important traits in a variety of taxa, and has been shown
  to be an effective tool for studying the adaptive evolution in natural
  populations
  (<xref alt="Secomandi et al. 2025" rid="ref-secomandi2025pangenome" ref-type="bibr">Secomandi
  et al. 2025</xref>;
  <xref alt="Fang and Edwards 2024" rid="ref-fang2024fitness" ref-type="bibr">Fang
  and Edwards 2024</xref>). However, to our knowledge, no studies have
  used pan-genome assembly to examine introgression in the context of
  forest tree hybrid zones, which are often dynamic and geographically
  broad. Pan-genome assembly could help overcome the challenges of
  studying SV in admixed tree genotypes, and could provide new insights
  into the role of SV in adaptive introgression in natural populations
  of forest trees.</p>
  <p><italic>Populus balsamifera</italic> and <italic>Populus
  trichocarpa</italic> are two species of forest tree that readily
  interbreed in nature, and early and advanced generation hybrids have
  been described in hybrid zones located where their ranges overlap
  (Geraldes et al., 2014; Suarez-Gonzalez et al.,2016; 2018; Chhatre et
  al. 2019). It has previously been hypothesized that hybridization
  between these two species contributes to an adaptive process, through
  which genetic variation related to locally-adaptive phenotypes is
  passed from one species to the other through adaptive introgression
  (Suarez-Gonzalez et al., 2016; Suarez-Gonzalez et al., 2018). However,
  studies on inter-specific crosses in <italic>Populus</italic> have
  made it clear that introgression is often biased toward particular
  regions of the genome, particular <italic>Populus</italic> species, or
  specific environments (Lexer et al., 2005; Thompson et al., 2010;
  Meirmans et al., 2017). Therefore, the adaptiveness of introgression
  between <italic>P. balsamifera</italic> and <italic>P.
  trichocarpa</italic> is dependent on incompatibilities between the
  genomic variants involved as well as environmental context, two
  factors which warrant further investigation. The environmental context
  of adaptive introgression may be of particular importance in the case
  of <italic>P. balsamifera</italic> and <italic>P.
  trichocarpa</italic>. <italic>P. balsamifera</italic> is more commonly
  found in colder, continental climates while <italic>P.
  trichocarpa</italic> is more often associated with milder, coastal
  climates with longer growing seasons (Geraldes et al., 2014;
  Suarez-Gonzalez et al., 2018). Considering hybrid zones between these
  species often fall along the boundaries of their ranges, it seems
  possible that adaptive introgression helps hybrid individuals persist
  in environments that are outside of the optimum for either parental
  species. Suarez-Gonzalez et al. (2018) showed support for this
  hypothesis, finding that introgressed regions in the genomes of
  hybrids from these zones harbored signs of selection and variation
  associated with adaptive traits, including phenology. However, the
  specific adaptive variants within these genomic regions, and the
  nature of their effects on fitness remain, for the most part,
  undiscovered.</p>
  <p>Here, we take advantage of recent advances in pan-genome assembly
  methods to produce a pan-genomic reference, comprising 24 diverse
  haplotypes from <italic>P. balsamifera</italic>, <italic>P.
  trichocarpa</italic> and their hybrids, facilitating unbiased analysis
  of the sequence variation that is segregating within natural
  <italic>Populus</italic> hybrid zones. Using this new pan genomic
  assembly, we genotype structural variation across 575 individuals
  sampled from within and outside of natural <italic>P.
  balsamifera</italic> and <italic>P. trichocarpa</italic> hybrid zones.
  We assess the true extent of genomic diversity present in these
  species and their hybrids, identifying genomic variation that is not
  present in the <italic>P. trichocarpa</italic> reference genome.
  Furthermore, we describe structural variation involved both in
  introgression and in genomic divergence between the two species. We
  shed light on the role that introgression may play in shaping the
  pan-genome of these species, and the degree to which tree genomes are
  porous to the inter-specific exchange of structural variant
  alleles.</p>
</sec>
<sec id="methods">
  <title>0.2 Methods</title>
  <sec id="sample-collection-and-whole-genome-sequencing">
    <title>0.2.1 Sample collection and whole genome sequencing</title>
    <p>In January 2020, we collected dormant branch cuttings from 546
    poplar trees along 7 distinct latitudinal transects spanning natural
    contact zones between Populus trichocarpa and Populus balsamifera
    <xref alt="Figure 1" rid="fig-1">Figure 1</xref>. Short read whole
    genome sequencing and subsequent bioinformatic analyses were
    performed as described in Bolte et al. (2024). Briefly, Genomic DNA
    libraries for all sampled individuals were constructed at the Duke
    University Center for Genomic and Computational Biology and
    sequenced using an Illumina NovaSeq 6000 instrument with an S4 flow
    cell with 64 samples per lane (Illumina Inc., San Diego, USA).
    De-indexing, QC, trimming adapter sequences, and sequence
    pre-processing were completed by the sequencing facility. In
    addition to short read sequencing, we also sequenced a subset of 40
    sampled individuals with PacBio HiFi long reads. We harvested tissue
    from newly-expanded leaves grown under low light conditions to use
    for high molecular weight DNA extraction. After confirming
    extraction quality through gel electrophoresis and bioanalysis, we
    submitted HMW DNA to the University of Maryland Center for
    Integrative Biosciences Genomics Core Facility for library
    preparation and sequencing on the the PacBio Sequel system with two
    samples per SMRT flow cell. We sequenced one <italic>P.
    balsamifera</italic> sample (939) for an additional run on a full
    SMRT cell. We also sequenced this individual with Oxford Nanopore
    Technology (ONT) platform. We submitted high molecular weight DNA to
    the Vermont Integrative Genomics Resource Sequencing Center for
    library preparation and sequencing on XXX flowcell (two runs) and
    XXX flowcell (one run)</p>
  </sec>
  <sec id="genome-assembly">
    <title>0.2.2 Genome assembly</title>
    <p>Of the 40 individuals sequenced with HiFi long reads, we selected
    16 for whole genome assembly
    <xref alt="Figure 1" rid="fig-1">Figure 1</xref>. These samples
    ranged from 20 to 35x long read coverage. We performed de-novo
    genome assembly of the HiFi reads for these samples with HiCanu
    (<xref alt="Nurk et al. 2020" rid="ref-nurk2020hicanu" ref-type="bibr">Nurk
    et al. 2020</xref>). We set HiCanu parameters as follows:
    gSize=“400m”, lc=“5”, lcer=“0.055”, ovrlp=“350”, mincov=“9”. To
    detect potential contaminants in the raw assemblies produced by
    HiCanu, we used the program Kraken2 to compare the k-mer content of
    assembled contigs to the “PlusPFP” database of known taxon-specific
    k-mers representing archaea, bacteria, viral, human, protozoa, fungi
    and plant taxa
    (<xref alt="Lu et al. 2022" rid="ref-lu2022" ref-type="bibr">Lu et
    al. 2022</xref>). We then used a custom bioawk script to remove any
    assembled contig that Kraken2 assigned to a taxonomic unit other
    than <italic>Populus</italic>, leaving only unassigned or
    <italic>Populus</italic>- assigned contigs in each assembly. We
    assessed the accuracy and completeness of the decontaminated
    assemblies using QUAST and BUSCO
    (<xref alt="Gurevich et al. 2013" rid="ref-gurevich2013quast" ref-type="bibr">Gurevich
    et al. 2013</xref>;
    <xref alt="Simão et al. 2015" rid="ref-simao2015busco" ref-type="bibr">Simão
    et al. 2015</xref>). To further assess the contiguity and quality of
    these assemblies, we used minimap2 and BWA to map the original HiFi
    reads and additional Illumina short reads back to each assembled
    haplotype
    (<xref alt="H. Li 2018" rid="ref-li2018minimap2" ref-type="bibr">H.
    Li 2018</xref>;
    <xref alt="H. Li and Durbin 2010" rid="ref-li2010fast" ref-type="bibr">H.
    Li and Durbin 2010</xref>). We passed these alignments to the
    program CRAQ
    (<xref alt="K. Li et al. 2023" rid="ref-li2023identification" ref-type="bibr">K.
    Li et al. 2023</xref>), which leverages read depth along assembled
    contigs for quality assessment. We repeated these quality assessment
    checks at each subsequent stage of genome assembly. Phasing, or the
    separation and concatenation of contigs belonging to the same
    parental haplotype is a key step in genome assembly for hybrid
    individuals, as divergent haplotypes likely contain important
    genetic information. We used mininmap2 to map reads back to
    assembled contigs and to map assembled contigs to themselves. We
    then used the purge haplotigs pipeline (Roach et al., 2018) to split
    diploid assemblies into two assembled haploytpes for each
    individual. We used RagTag (Alonge et al. 2022) to connect
    decontaminated, phased contigs into pseudo-chromosomal scaffolds,
    guided by alignments of assembled contigs to the Nisqually1
    <italic>P. trichocarpa</italic> reference genome. We visually
    inspected minimap2 alignments of scaffolded assemblies to the
    reference genome to identify potential scaffolding errors. We used
    RepeatMasker to annotate and mask repetitive regions and annotated
    possible coding domains and predicted protein sequences for each
    assembly with AUGUSTUS (Smit et al., 2015; Hoff et al., 2019).</p>
  </sec>
  <sec id="pan-genome-assembly">
    <title>0.2.3 Pan-genome assembly</title>
    <p>In a pan-genome graph, a non-redundant collection of all input
    sequences is represented as “nodes”, while the linear sequence of
    each input genome is stored as a “path” connecting a series of
    nodes. In this approach to graph construction, each node of the
    graph w describes the alignment between at least two sequences,
    given an expected level of sequence divergence. We constructed a
    pan-genome graph from an all-by all alignment of the 24 assembled
    haplotypes. Any contigs shorter than 100kb were dropped before
    alignment. We used wfmash (Guarracino et al., 2021) to perform
    all-by-all alignments between assembled chromosomes, and seqwish
    (Garrison and Guarracino, 2022) to project alignments into a graph
    pan-genome assembly. Pan-genome graphs constructed this way can have
    highly complex topography, which may hinder downstream applications
    such a sequence alignment. To combat this issue, we used the program
    smoothXG to smooth complex variation in these graphs. We also
    assembled a separate graph specifically for subsequent
    alignment-based analyses using the minigraph-cactus pipeline
    (<xref alt="Hickey et al. 2023" rid="ref-hickey2023" ref-type="bibr">Hickey
    et al. 2023</xref>). We used the program panacus to asses pan-genome
    growth and coverage statistics
    (<xref alt="Parmigiani et al. 2024" rid="ref-parmigiani2024" ref-type="bibr">Parmigiani
    et al. 2024</xref>). We used the program ODGI (Guarracino et al.,
    2022) to perform basic graph quality control and to partition the
    core ( sequence present in all individuals), shell (sequence
    variably present or absent across individuals) and singleton
    sequence (present in only one individuals) content for each graph
    and individual represented in the graphs. We used the program vg
    (<xref alt="Garrison et al. 2018" rid="ref-garrison2018" ref-type="bibr">Garrison
    et al. 2018</xref>) to deconstruct each graph assembly into a VCF
    containing the variation encapsulated in each graph. We passed this
    deconstructed VCF file to vcfbub (github.com/pangenome/vcfbub) to
    collapse nested SV sites into the top-level variant for all SV less
    than 10kb in length. Using bcftools
    (<xref alt="Danecek et al. 2021" rid="ref-danecek2021" ref-type="bibr">Danecek
    et al. 2021</xref>) we split biallelic sites into multiallelic
    records for this deconstructed vcf.</p>
  </sec>
  <sec id="genotyping-pan-genomic-variation">
    <title>0.2.4 Genotyping Pan-genomic Variation</title>
    <p>We aligned sequencing reads from additional samples to pan-genome
    graph assembly to genotype SNPs and SVs. We aligned PacBio HiFi
    reads for 40 total individuals (including the 16 used to construct
    the pan-genome graph) to the minigraph-cactus graph using the
    program GraphAligner
    (<xref alt="Rautiainen and Marschall 2020" rid="ref-rautiainen2020" ref-type="bibr">Rautiainen
    and Marschall 2020</xref>). To characterize sequence variation
    across a broader set of individuals, we also mapped Illumina short
    reads for 575 individuals to the pan-genome graph using the program
    giraffe
    (<xref alt="Sirén et al. 2021" rid="ref-sirén2021" ref-type="bibr">Sirén
    et al. 2021</xref>). We then called SV and SNPs from these
    alignments using the vg call algorithm
    (<xref alt="Garrison et al. 2018" rid="ref-garrison2018" ref-type="bibr">Garrison
    et al. 2018</xref>). We used bcftools to split multialleleic calls
    into separate records, normalize alleles against the <italic>P.
    trichocarpa</italic> reference and merge calls for all samples into
    one VCF representing SV and SNP genotypes in the <italic>P.
    trichocarpa</italic> reference coordinate space.</p>
  </sec>
  <sec id="analysis-of-structural-variation-and-introgression">
    <title>0.2.5 Analysis of Structural Variation and
    Introgression</title>
    <p>We used ADMIXTURE results from Bolte et al (2024) to assign each
    individual an admixture proportion at K=2 and K=4. The genetic data
    used for this ADMIXTURE analysis came from SNP calls from mappings
    of the same illlumina reads used in this study, however they were
    mapped to the <italic>P. trichocarpa</italic> reference genome. We
    used this same genetic data set to perform local ancestry inference
    (LAI) using LOTR
    (<xref alt="Dias-Alves, Mairal, and Blum 2018" rid="ref-dias2018loter" ref-type="bibr">Dias-Alves,
    Mairal, and Blum 2018</xref>). These ADMIXTURE and LAI data sets
    were used to visualize and analyze patterns of local and global
    genomic ancestry throughout this study.</p>
    <p>We used ODGI to flatten the Nisqually1 <italic>P.
    trichocarpa</italic> reference genome path in the cactus graph. We
    then used a bed file representation of this path and reference gene
    annotations to genotype PAV of reference sequence across all paths
    of the cactus graph. We used R version 4.1.0 to identify core and
    shell gene sequences from this data and to perform PCA on the PAV
    genotypes
    (<xref alt="R Core Team 2024" rid="ref-R" ref-type="bibr">R Core
    Team 2024</xref>). We also ran a similar PAV PCA with the merged vcf
    representing all 575 sequenced samples in this study, using plink2
    (<xref alt="Chang et al. 2015" rid="ref-chang2015second" ref-type="bibr">Chang
    et al. 2015</xref>). We used the -–allele-weights flag to extract
    the loading of each allele for each SV on the first 3 principal
    components.</p>
    <p>To find SV potentially involved in introgression, we employed
    custom scripts to identify ancestry blocks along the chromosomes of
    all 335 admixed individuals in this study. An individual was
    considered admixed if its k=2 ADMIXTURE score indicated at least 5
    percent admixture genome-wide. We used Bedtools
    (<xref alt="Quinlan and Hall 2010" rid="ref-quinlan2010bedtools" ref-type="bibr">Quinlan
    and Hall 2010</xref>) to find SV that overlapped ancestry blocks in
    each admixed individual. We then scored each SV allele based on its
    prevalence in ancestry blocks that contrasted the average global
    ancestry of an individual.</p>
    <p>For all SV that were outliers in principal component or LAI
    analyses, we used Bedtools to check for overlap with annotated
    genes. We then used plantgenie to analyze PFAM enrichment of gene
    sets
    (<xref alt="Sundell et al. 2015" rid="ref-sundell2015plant" ref-type="bibr">Sundell
    et al. 2015</xref>).</p>
  </sec>
</sec>
<sec id="results">
  <title>0.3 Results</title>
  <sec id="whole-genome-sequencing-and-assembly.">
    <title>0.3.1 Whole genome sequencing and assembly.</title>
    <p>Illumina sequencing yielded on average of 8358 MB of sequence,
    corresponding to an average sequencing depth of 21x. PacBio HiFi
    sequencing yielded on average 6368 MB of sequence, corresponding to
    an average sequencing depth of 16x. Sample 939 was sequenced to a
    depth of roughly 60X HiFi and roughly 20X ONT reads. Table 1 shows
    summary statistics for the 16 whole genome assemblies included in
    the pan-genome. Assembly quality and contiguity were generally high,
    however alternate haplotypes were not always fully assembled (Table
    1).</p>
  </sec>
  <sec id="pan-genome-assembly-1">
    <title>0.3.2 Pan-genome assembly</title>
    <p>The minigraph-cactus pangenome graph contained a total of
    102,907,131 nodes comprising 1.2 Gbp of sequence. Of this, 243 Mbp
    was present across all individuals (core genome), while 423Mbp was
    present in some but not all individuals (shell genome). The
    remaining 537 Mbp represented singleton sequence.
    <xref alt="Figure 2" rid="fig-2">Figure 2</xref> shows how the size
    of the sequence classes changes as individuals are added to the
    pan-genome. <xref alt="Figure 3" rid="fig-3">Figure 3</xref> shows
    the proportions of core, shell and singleton sequence within each
    sample. <xref alt="Figure 4" rid="fig-4">Figure 4</xref> shows each
    genome in the pan-genome graph plotted on the first two principal
    components of a PCA on PAV of reference sequence.</p>
  </sec>
  <sec id="pan-genomic-variation">
    <title>0.3.3 Pan-genomic Variation</title>
    <p>3708 annotated genes were variably present or absent across the
    17 genomes used to construct the pan- =genome. These genes were
    significantly enriched for various protein families including NB-ARC
    domain, D-mannose binding lectin, sulfotransferases, cupins, and
    Cytochrome P450. Of these shell genes, 167 were present in all of
    the pure <italic>P. trichocarpa</italic> individuals and none of the
    pure <italic>P. balsamifera</italic> samples making up the
    pan-genome graph. These <italic>P. trichocarpa</italic> - specific
    genes were enriched for protein families, including
    sulfotransferases, serine carboxypeptidases, Mlo family proteins,
    D-mannose binding lectin, Glycosyl hydrolases and absistic acid
    (ABA) induced proteins.</p>
    <p>The cactus pan-genome graph contained 1,773,427 SV greater than
    20bp in length. <xref alt="Figure 5" rid="fig-5">Figure 5</xref>
    shows the distribution of these variants across the genome. The
    distribution of frequencies of the non-reference allele for these SV
    is shown in <xref alt="Figure 6" rid="fig-6">Figure 6</xref>.</p>
    <p>The first two principal components of a PCA on PAV genotyped from
    short read alignments to the pan-genome graph are shown in
    <xref alt="Figure 7" rid="fig-7">Figure 7</xref>. The loading of
    each allele for each SV on the first principal component of a PCA on
    PAV genotyped from short read alignments to the pan-genome graph is
    shown in <xref alt="Figure 8" rid="fig-8">Figure 8</xref>. The SV
    that were outliers on PC1 overlapped 1362 annotated genes. These
    genes were significantly enriched for protein families involved in
    development and growth (K-Box proteins, KNOX proteins), cold
    tolerance (DEAD/DEAH box helicases), and phenology (SRF
    transcription factors).</p>
  </sec>
  <sec id="sv-and-introgression">
    <title>0.3.4 SV and Introgression</title>
    <p>We identified 126,973 SV that overlapped ancestry blocks in
    admixed individuals, and found that 30,721 of these were associated
    with blocks of either <italic>P. trichocarpa</italic> or <italic>P.
    balsamifera</italic> ancestry in admixed individuals.</p>
  </sec>
  <sec id="tables">
    <title>0.3.5 Tables</title>
    <graphic mimetype="image" mime-subtype="jpeg" xlink:href="images/table.jpg" />
  </sec>
</sec>
<sec id="figures">
  <title>1. Figures</title>
  <fig id="fig-1">
    <caption><p>Figure 1: (Left): sampling locations for 575 individuals
    used in this study, color indicates ancestry based in ADMIXTURE
    analysis (Right): A subset of 16 individuals used for whole genome
    assembly</p></caption>
    <table-wrap>
      <table>
        <colgroup>
          <col width="50%" />
        </colgroup>
        <tbody>
          <tr>
            <td align="left"><p specific-use="wrapper">
              <boxed-text>
                <graphic mimetype="image" mime-subtype="jpeg" xlink:href="images/msamp.jpg" />
              </boxed-text>
            </p></td>
          </tr>
        </tbody>
      </table>
    </table-wrap>
  </fig>
  <fig id="fig-2">
    <caption><p>Figure 2: Pan-genome growth curve visualizes the change
    in core and shell genome size as samples are added</p></caption>
    <graphic mimetype="image" mime-subtype="jpeg" xlink:href="images/pg_growth.jpg" />
  </fig>
  <fig id="fig-3">
    <caption><p>Figure 3: The relative length of the core, shell and
    singleton portions of the pan-genome for each sample
    represented</p></caption>
    <graphic mimetype="image" mime-subtype="jpeg" xlink:href="images/pg_content.jpg" />
  </fig>
  <fig id="fig-4">
    <caption><p>Figure 4: The first two principal components of a PCA on
    presence/absence variation in the pan-genome. Color indicates
    ancestry based in ADMIXTURE analysis.</p></caption>
    <graphic mimetype="image" mime-subtype="jpeg" xlink:href="images/pav_pca.jpg" />
  </fig>
  <fig id="fig-5">
    <caption><p>Figure 5: The distribution of SV larger than 20bp in
    length across the genome</p></caption>
    <graphic mimetype="image" mime-subtype="jpeg" xlink:href="images/sv_density.jpg" />
  </fig>
  <fig id="fig-6">
    <caption><p>Figure 6: The frequency distribution of the
    non-referenceallele for SV of different size classes</p></caption>
    <graphic mimetype="image" mime-subtype="jpeg" xlink:href="images/sv_freq.jpg" />
  </fig>
  <fig id="fig-7">
    <caption><p>Figure 7: The first two principal components of a PCA of
    PAV genotyped from short read alignments to the pan-genome graph.
    Color indicates ancestry based in ADMIXTURE analysis. Shape
    indicates which of the latitudinal transects the individual was
    sampled from.</p></caption>
    <graphic mimetype="image" mime-subtype="jpeg" xlink:href="images/sv_pc1_pc2.jpg" />
  </fig>
  <fig id="fig-8">
    <caption><p>Figure 8: The loading of each allele for each SV on the
    first principle component of a PCA on PAV genotyped from short read
    alignments to the pan-genome graph. Red points are indicate P.
    trichocarpa reference alleles, blue points indicate non-reference
    alleles.</p></caption>
    <graphic mimetype="image" mime-subtype="jpeg" xlink:href="images/pc1_loading.jpg" />
  </fig>
  <sec id="references">
    <title>References</title>
    <ref-list>
      <ref id="ref-sundell2015plant">
        <element-citation publication-type="article-journal">
          <person-group person-group-type="author">
            <name><surname>Sundell</surname><given-names>David</given-names></name>
            <name><surname>Mannapperuma</surname><given-names>Chanaka</given-names></name>
            <name><surname>Netotea</surname><given-names>Sergiu</given-names></name>
            <name><surname>Delhomme</surname><given-names>Nicolas</given-names></name>
            <name><surname>Lin</surname><given-names>Yao-Cheng</given-names></name>
            <name><surname>Sjodin</surname><given-names>Andreas</given-names></name>
            <name><surname>Van de Peer</surname><given-names>Yves</given-names></name>
            <name><surname>Jansson</surname><given-names>Stefan</given-names></name>
            <name><surname>Hvidsten</surname><given-names>Torgeir R</given-names></name>
            <name><surname>Street</surname><given-names>Nathaniel R</given-names></name>
          </person-group>
          <article-title>The plant genome integrative explorer resource: PlantGenIE. org</article-title>
          <publisher-name>JSTOR</publisher-name>
          <year iso-8601-date="2015">2015</year>
        </element-citation>
      </ref>
      <ref id="ref-quinlan2010bedtools">
        <element-citation publication-type="article-journal">
          <person-group person-group-type="author">
            <name><surname>Quinlan</surname><given-names>Aaron R</given-names></name>
            <name><surname>Hall</surname><given-names>Ira M</given-names></name>
          </person-group>
          <article-title>BEDTools: A flexible suite of utilities for comparing genomic features</article-title>
          <source>Bioinformatics</source>
          <publisher-name>Oxford University Press</publisher-name>
          <year iso-8601-date="2010">2010</year>
          <volume>26</volume>
          <issue>6</issue>
          <fpage>841</fpage>
          <lpage>842</lpage>
        </element-citation>
      </ref>
      <ref id="ref-chang2015second">
        <element-citation publication-type="article-journal">
          <person-group person-group-type="author">
            <name><surname>Chang</surname><given-names>Christopher C</given-names></name>
            <name><surname>Chow</surname><given-names>Carson C</given-names></name>
            <name><surname>Tellier</surname><given-names>Laurent CAM</given-names></name>
            <name><surname>Vattikuti</surname><given-names>Shashaank</given-names></name>
            <name><surname>Purcell</surname><given-names>Shaun M</given-names></name>
            <name><surname>Lee</surname><given-names>James J</given-names></name>
          </person-group>
          <article-title>Second-generation PLINK: Rising to the challenge of larger and richer datasets</article-title>
          <source>Gigascience</source>
          <publisher-name>Oxford University Press</publisher-name>
          <year iso-8601-date="2015">2015</year>
          <volume>4</volume>
          <issue>1</issue>
          <fpage>s13742</fpage>
          <lpage>015</lpage>
        </element-citation>
      </ref>
      <ref id="ref-dias2018loter">
        <element-citation publication-type="article-journal">
          <person-group person-group-type="author">
            <name><surname>Dias-Alves</surname><given-names>Thomas</given-names></name>
            <name><surname>Mairal</surname><given-names>Julien</given-names></name>
            <name><surname>Blum</surname><given-names>Michael GB</given-names></name>
          </person-group>
          <article-title>Loter: A software package to infer local ancestry for a wide range of species</article-title>
          <source>Molecular biology and evolution</source>
          <publisher-name>Oxford University Press</publisher-name>
          <year iso-8601-date="2018">2018</year>
          <volume>35</volume>
          <issue>9</issue>
          <fpage>2318</fpage>
          <lpage>2326</lpage>
        </element-citation>
      </ref>
      <ref id="ref-R">
        <element-citation publication-type="book">
          <person-group person-group-type="author">
            <string-name>R Core Team</string-name>
          </person-group>
          <source>R: A language and environment for statistical computing</source>
          <publisher-name>R Foundation for Statistical Computing</publisher-name>
          <publisher-loc>Vienna, Austria</publisher-loc>
          <year iso-8601-date="2024">2024</year>
          <uri>https://www.R-project.org/</uri>
        </element-citation>
      </ref>
      <ref id="ref-li2023identification">
        <element-citation publication-type="article-journal">
          <person-group person-group-type="author">
            <name><surname>Li</surname><given-names>Kunpeng</given-names></name>
            <name><surname>Xu</surname><given-names>Peng</given-names></name>
            <name><surname>Wang</surname><given-names>Jinpeng</given-names></name>
            <name><surname>Yi</surname><given-names>Xin</given-names></name>
            <name><surname>Jiao</surname><given-names>Yuannian</given-names></name>
          </person-group>
          <article-title>Identification of errors in draft genome assemblies at single-nucleotide resolution for quality assessment and improvement</article-title>
          <source>Nature Communications</source>
          <publisher-name>Nature Publishing Group UK London</publisher-name>
          <year iso-8601-date="2023">2023</year>
          <volume>14</volume>
          <issue>1</issue>
          <fpage>6556</fpage>
          <lpage></lpage>
        </element-citation>
      </ref>
      <ref id="ref-secomandi2025pangenome">
        <element-citation publication-type="article-journal">
          <person-group person-group-type="author">
            <name><surname>Secomandi</surname><given-names>Simona</given-names></name>
            <name><surname>Gallo</surname><given-names>Guido Roberto</given-names></name>
            <name><surname>Rossi</surname><given-names>Riccardo</given-names></name>
            <name><surname>Rodrı́guez Fernandes</surname><given-names>Carlos</given-names></name>
            <name><surname>Jarvis</surname><given-names>Erich D</given-names></name>
            <name><surname>Bonisoli-Alquati</surname><given-names>Andrea</given-names></name>
            <name><surname>Gianfranceschi</surname><given-names>Luca</given-names></name>
            <name><surname>Formenti</surname><given-names>Giulio</given-names></name>
          </person-group>
          <article-title>Pangenome graphs and their applications in biodiversity genomics</article-title>
          <source>Nature Genetics</source>
          <publisher-name>Nature Publishing Group US New York</publisher-name>
          <year iso-8601-date="2025">2025</year>
          <fpage>1</fpage>
          <lpage>14</lpage>
        </element-citation>
      </ref>
      <ref id="ref-gao2019tomato">
        <element-citation publication-type="article-journal">
          <person-group person-group-type="author">
            <name><surname>Gao</surname><given-names>Lei</given-names></name>
            <name><surname>Gonda</surname><given-names>Itay</given-names></name>
            <name><surname>Sun</surname><given-names>Honghe</given-names></name>
            <name><surname>Ma</surname><given-names>Qiyue</given-names></name>
            <name><surname>Bao</surname><given-names>Kan</given-names></name>
            <name><surname>Tieman</surname><given-names>Denise M</given-names></name>
            <name><surname>Burzynski-Chang</surname><given-names>Elizabeth A</given-names></name>
            <name><surname>Fish</surname><given-names>Tara L</given-names></name>
            <name><surname>Stromberg</surname><given-names>Kaitlin A</given-names></name>
            <name><surname>Sacks</surname><given-names>Gavin L</given-names></name>
            <etal/>
          </person-group>
          <article-title>The tomato pan-genome uncovers new genes and a rare allele regulating fruit flavor</article-title>
          <source>Nature genetics</source>
          <publisher-name>Nature Publishing Group US New York</publisher-name>
          <year iso-8601-date="2019">2019</year>
          <volume>51</volume>
          <issue>6</issue>
          <fpage>1044</fpage>
          <lpage>1051</lpage>
        </element-citation>
      </ref>
      <ref id="ref-li2023pig">
        <element-citation publication-type="article-journal">
          <person-group person-group-type="author">
            <name><surname>Li</surname><given-names>Zhengcao</given-names></name>
            <name><surname>Liu</surname><given-names>Xiaohong</given-names></name>
            <name><surname>Wang</surname><given-names>Chen</given-names></name>
            <name><surname>Li</surname><given-names>Zhenyang</given-names></name>
            <name><surname>Jiang</surname><given-names>Bo</given-names></name>
            <name><surname>Zhang</surname><given-names>Ruifeng</given-names></name>
            <name><surname>Tong</surname><given-names>Lu</given-names></name>
            <name><surname>Qu</surname><given-names>Youping</given-names></name>
            <name><surname>He</surname><given-names>Sheng</given-names></name>
            <name><surname>Chen</surname><given-names>Haifan</given-names></name>
            <etal/>
          </person-group>
          <article-title>The pig pangenome provides insights into the roles of coding structural variations in genetic diversity and adaptation</article-title>
          <source>Genome Research</source>
          <publisher-name>Cold Spring Harbor Lab</publisher-name>
          <year iso-8601-date="2023">2023</year>
          <volume>33</volume>
          <issue>10</issue>
          <fpage>1833</fpage>
          <lpage>1847</lpage>
        </element-citation>
      </ref>
      <ref id="ref-li2024pan">
        <element-citation publication-type="article-journal">
          <person-group person-group-type="author">
            <name><surname>Li</surname><given-names>Yancan</given-names></name>
            <name><surname>Yao</surname><given-names>Jun</given-names></name>
            <name><surname>Sang</surname><given-names>Huiling</given-names></name>
            <name><surname>Wang</surname><given-names>Quangui</given-names></name>
            <name><surname>Su</surname><given-names>Long</given-names></name>
            <name><surname>Zhao</surname><given-names>Xiaomeng</given-names></name>
            <name><surname>Xia</surname><given-names>Zhenyu</given-names></name>
            <name><surname>Wang</surname><given-names>Feiran</given-names></name>
            <name><surname>Wang</surname><given-names>Kai</given-names></name>
            <name><surname>Lou</surname><given-names>Delong</given-names></name>
            <etal/>
          </person-group>
          <article-title>Pan-genome analysis highlights the role of structural variation in the evolution and environmental adaptation of asian honeybees</article-title>
          <source>Molecular ecology resources</source>
          <publisher-name>Wiley Online Library</publisher-name>
          <year iso-8601-date="2024">2024</year>
          <volume>24</volume>
          <issue>2</issue>
          <fpage>e13905</fpage>
          <lpage></lpage>
        </element-citation>
      </ref>
      <ref id="ref-songsomboon2021genomic">
        <element-citation publication-type="article-journal">
          <person-group person-group-type="author">
            <name><surname>Songsomboon</surname><given-names>Kittikun</given-names></name>
            <name><surname>Brenton</surname><given-names>Zachary</given-names></name>
            <name><surname>Heuser</surname><given-names>James</given-names></name>
            <name><surname>Kresovich</surname><given-names>Stephen</given-names></name>
            <name><surname>Shakoor</surname><given-names>Nadia</given-names></name>
            <name><surname>Mockler</surname><given-names>Todd</given-names></name>
            <name><surname>Cooper</surname><given-names>Elizabeth A</given-names></name>
          </person-group>
          <article-title>Genomic patterns of structural variation among diverse genotypes of sorghum bicolor and a potential role for deletions in local adaptation</article-title>
          <source>G3</source>
          <publisher-name>Oxford University Press</publisher-name>
          <year iso-8601-date="2021">2021</year>
          <volume>11</volume>
          <issue>7</issue>
          <fpage>jkab154</fpage>
          <lpage></lpage>
        </element-citation>
      </ref>
      <ref id="ref-hamala2021genomic">
        <element-citation publication-type="article-journal">
          <person-group person-group-type="author">
            <name><surname>Hämälä</surname><given-names>Tuomas</given-names></name>
            <name><surname>Wafula</surname><given-names>Eric K</given-names></name>
            <name><surname>Guiltinan</surname><given-names>Mark J</given-names></name>
            <name><surname>Ralph</surname><given-names>Paula E</given-names></name>
            <name><surname>Depamphilis</surname><given-names>Claude W</given-names></name>
            <name><surname>Tiffin</surname><given-names>Peter</given-names></name>
          </person-group>
          <article-title>Genomic structural variants constrain and facilitate adaptation in natural populations of theobroma cacao, the chocolate tree</article-title>
          <source>Proceedings of the National Academy of Sciences</source>
          <publisher-name>National Academy of Sciences</publisher-name>
          <year iso-8601-date="2021">2021</year>
          <volume>118</volume>
          <issue>35</issue>
          <fpage>e2102914118</fpage>
          <lpage></lpage>
        </element-citation>
      </ref>
      <ref id="ref-hamilton2016adaptive">
        <element-citation publication-type="article-journal">
          <person-group person-group-type="author">
            <name><surname>Hamilton</surname><given-names>Jill A</given-names></name>
            <name><surname>Miller</surname><given-names>Joshua M</given-names></name>
          </person-group>
          <article-title>Adaptive introgression as a resource for management and genetic conservation in a changing climate</article-title>
          <source>Conservation Biology</source>
          <publisher-name>Wiley Online Library</publisher-name>
          <year iso-8601-date="2016">2016</year>
          <volume>30</volume>
          <issue>1</issue>
          <fpage>33</fpage>
          <lpage>41</lpage>
        </element-citation>
      </ref>
      <ref id="ref-rendon2021adaptive">
        <element-citation publication-type="article-journal">
          <person-group person-group-type="author">
            <name><surname>Rendón-Anaya</surname><given-names>Martha</given-names></name>
            <name><surname>Wilson</surname><given-names>Jonathan</given-names></name>
            <name><surname>Sveinsson</surname><given-names>Sæmundur</given-names></name>
            <name><surname>Fedorkov</surname><given-names>Aleksey</given-names></name>
            <name><surname>Cottrell</surname><given-names>Joan</given-names></name>
            <name><surname>Bailey</surname><given-names>Mark ES</given-names></name>
            <name><surname>Ruņǵis</surname><given-names>Dainis</given-names></name>
            <name><surname>Lexer</surname><given-names>Christian</given-names></name>
            <name><surname>Jansson</surname><given-names>Stefan</given-names></name>
            <name><surname>Robinson</surname><given-names>Kathryn M</given-names></name>
            <etal/>
          </person-group>
          <article-title>Adaptive introgression facilitates adaptation to high latitudes in european aspen (populus tremula l.)</article-title>
          <source>Molecular Biology and Evolution</source>
          <publisher-name>Oxford University Press</publisher-name>
          <year iso-8601-date="2021">2021</year>
          <volume>38</volume>
          <issue>11</issue>
          <fpage>5034</fpage>
          <lpage>5050</lpage>
        </element-citation>
      </ref>
      <ref id="ref-leroy2020adaptive">
        <element-citation publication-type="article-journal">
          <person-group person-group-type="author">
            <name><surname>Leroy</surname><given-names>Thibault</given-names></name>
            <name><surname>Louvet</surname><given-names>Jean-Marc</given-names></name>
            <name><surname>Lalanne</surname><given-names>Céline</given-names></name>
            <name><surname>Le Provost</surname><given-names>Grégoire</given-names></name>
            <name><surname>Labadie</surname><given-names>Karine</given-names></name>
            <name><surname>Aury</surname><given-names>Jean-Marc</given-names></name>
            <name><surname>Delzon</surname><given-names>Sylvain</given-names></name>
            <name><surname>Plomion</surname><given-names>Christophe</given-names></name>
            <name><surname>Kremer</surname><given-names>Antoine</given-names></name>
          </person-group>
          <article-title>Adaptive introgression as a driver of local adaptation to climate in european white oaks</article-title>
          <source>New Phytologist</source>
          <publisher-name>Wiley Online Library</publisher-name>
          <year iso-8601-date="2020">2020</year>
          <volume>226</volume>
          <issue>4</issue>
          <fpage>1171</fpage>
          <lpage>1182</lpage>
        </element-citation>
      </ref>
      <ref id="ref-suarez2018adaptive">
        <element-citation publication-type="article-journal">
          <person-group person-group-type="author">
            <name><surname>Suarez-Gonzalez</surname><given-names>Adriana</given-names></name>
            <name><surname>Lexer</surname><given-names>Christian</given-names></name>
            <name><surname>Cronk</surname><given-names>Quentin CB</given-names></name>
          </person-group>
          <article-title>Adaptive introgression: A plant perspective</article-title>
          <source>Biology letters</source>
          <publisher-name>The Royal Society</publisher-name>
          <year iso-8601-date="2018">2018</year>
          <volume>14</volume>
          <issue>3</issue>
          <fpage>20170688</fpage>
          <lpage></lpage>
        </element-citation>
      </ref>
      <ref id="ref-fang2024fitness">
        <element-citation publication-type="article-journal">
          <person-group person-group-type="author">
            <name><surname>Fang</surname><given-names>Bohao</given-names></name>
            <name><surname>Edwards</surname><given-names>Scott V</given-names></name>
          </person-group>
          <article-title>Fitness consequences of structural variation inferred from a house finch pangenome</article-title>
          <source>Proceedings of the National Academy of Sciences</source>
          <publisher-name>National Academy of Sciences</publisher-name>
          <year iso-8601-date="2024">2024</year>
          <volume>121</volume>
          <issue>47</issue>
          <fpage>e2409943121</fpage>
          <lpage></lpage>
        </element-citation>
      </ref>
      <ref id="ref-zhang2021pan">
        <element-citation publication-type="article-journal">
          <person-group person-group-type="author">
            <name><surname>Zhang</surname><given-names>Xiaohui</given-names></name>
            <name><surname>Liu</surname><given-names>Tongjin</given-names></name>
            <name><surname>Wang</surname><given-names>Jinglei</given-names></name>
            <name><surname>Wang</surname><given-names>Peng</given-names></name>
            <name><surname>Qiu</surname><given-names>Yang</given-names></name>
            <name><surname>Zhao</surname><given-names>Wei</given-names></name>
            <name><surname>Pang</surname><given-names>Shuai</given-names></name>
            <name><surname>Li</surname><given-names>Xiaoman</given-names></name>
            <name><surname>Wang</surname><given-names>Haiping</given-names></name>
            <name><surname>Song</surname><given-names>Jiangping</given-names></name>
            <etal/>
          </person-group>
          <article-title>Pan-genome of raphanus highlights genetic variation and introgression among domesticated, wild, and weedy radishes</article-title>
          <source>Molecular Plant</source>
          <publisher-name>Elsevier</publisher-name>
          <year iso-8601-date="2021">2021</year>
          <volume>14</volume>
          <issue>12</issue>
          <fpage>2032</fpage>
          <lpage>2055</lpage>
        </element-citation>
      </ref>
      <ref id="ref-xia2023structural">
        <element-citation publication-type="article-journal">
          <person-group person-group-type="author">
            <name><surname>Xia</surname><given-names>Xiaoting</given-names></name>
            <name><surname>Zhang</surname><given-names>Fengwei</given-names></name>
            <name><surname>Li</surname><given-names>Shuang</given-names></name>
            <name><surname>Luo</surname><given-names>Xiaoyu</given-names></name>
            <name><surname>Peng</surname><given-names>Lixin</given-names></name>
            <name><surname>Dong</surname><given-names>Zheng</given-names></name>
            <name><surname>Pausch</surname><given-names>Hubert</given-names></name>
            <name><surname>Leonard</surname><given-names>Alexander S</given-names></name>
            <name><surname>Crysnanto</surname><given-names>Danang</given-names></name>
            <name><surname>Wang</surname><given-names>Shikang</given-names></name>
            <etal/>
          </person-group>
          <article-title>Structural variation and introgression from wild populations in east asian cattle genomes confer adaptation to local environment</article-title>
          <source>Genome Biology</source>
          <publisher-name>Springer</publisher-name>
          <year iso-8601-date="2023">2023</year>
          <volume>24</volume>
          <issue>1</issue>
          <fpage>211</fpage>
          <lpage></lpage>
        </element-citation>
      </ref>
      <ref id="ref-almarri2020population">
        <element-citation publication-type="article-journal">
          <person-group person-group-type="author">
            <name><surname>Almarri</surname><given-names>Mohamed A</given-names></name>
            <name><surname>Bergström</surname><given-names>Anders</given-names></name>
            <name><surname>Prado-Martinez</surname><given-names>Javier</given-names></name>
            <name><surname>Yang</surname><given-names>Fengtang</given-names></name>
            <name><surname>Fu</surname><given-names>Beiyuan</given-names></name>
            <name><surname>Dunham</surname><given-names>Alistair S</given-names></name>
            <name><surname>Chen</surname><given-names>Yuan</given-names></name>
            <name><surname>Hurles</surname><given-names>Matthew E</given-names></name>
            <name><surname>Tyler-Smith</surname><given-names>Chris</given-names></name>
            <name><surname>Xue</surname><given-names>Yali</given-names></name>
          </person-group>
          <article-title>Population structure, stratification, and introgression of human structural variation</article-title>
          <source>Cell</source>
          <publisher-name>Elsevier</publisher-name>
          <year iso-8601-date="2020">2020</year>
          <volume>182</volume>
          <issue>1</issue>
          <fpage>189</fpage>
          <lpage>199</lpage>
        </element-citation>
      </ref>
      <ref id="ref-cheng2019frequent">
        <element-citation publication-type="article-journal">
          <person-group person-group-type="author">
            <name><surname>Cheng</surname><given-names>Hong</given-names></name>
            <name><surname>Liu</surname><given-names>Jing</given-names></name>
            <name><surname>Wen</surname><given-names>Jia</given-names></name>
            <name><surname>Nie</surname><given-names>Xiaojun</given-names></name>
            <name><surname>Xu</surname><given-names>Luohao</given-names></name>
            <name><surname>Chen</surname><given-names>Ningbo</given-names></name>
            <name><surname>Li</surname><given-names>Zhongxing</given-names></name>
            <name><surname>Wang</surname><given-names>Qilin</given-names></name>
            <name><surname>Zheng</surname><given-names>Zhuqing</given-names></name>
            <name><surname>Li</surname><given-names>Ming</given-names></name>
            <etal/>
          </person-group>
          <article-title>Frequent intra-and inter-species introgression shapes the landscape of genetic variation in bread wheat</article-title>
          <source>Genome biology</source>
          <publisher-name>Springer</publisher-name>
          <year iso-8601-date="2019">2019</year>
          <volume>20</volume>
          <fpage>1</fpage>
          <lpage>16</lpage>
        </element-citation>
      </ref>
      <ref id="ref-kou2020evolutionary">
        <element-citation publication-type="article-journal">
          <person-group person-group-type="author">
            <name><surname>Kou</surname><given-names>Yixuan</given-names></name>
            <name><surname>Liao</surname><given-names>Yi</given-names></name>
            <name><surname>Toivainen</surname><given-names>Tuomas</given-names></name>
            <name><surname>Lv</surname><given-names>Yuanda</given-names></name>
            <name><surname>Tian</surname><given-names>Xinmin</given-names></name>
            <name><surname>Emerson</surname><given-names>JJ</given-names></name>
            <name><surname>Gaut</surname><given-names>Brandon S</given-names></name>
            <name><surname>Zhou</surname><given-names>Yongfeng</given-names></name>
          </person-group>
          <article-title>Evolutionary genomics of structural variation in asian rice (oryza sativa) domestication</article-title>
          <source>Molecular biology and evolution</source>
          <publisher-name>Oxford University Press</publisher-name>
          <year iso-8601-date="2020">2020</year>
          <volume>37</volume>
          <issue>12</issue>
          <fpage>3507</fpage>
          <lpage>3524</lpage>
        </element-citation>
      </ref>
      <ref id="ref-zhang2021important">
        <element-citation publication-type="article-journal">
          <person-group person-group-type="author">
            <name><surname>Zhang</surname><given-names>Linyi</given-names></name>
            <name><surname>Reifová</surname><given-names>Radka</given-names></name>
            <name><surname>Halenková</surname><given-names>Zuzana</given-names></name>
            <name><surname>Gompert</surname><given-names>Zachariah</given-names></name>
          </person-group>
          <article-title>How important are structural variants for speciation?</article-title>
          <source>Genes</source>
          <publisher-name>MDPI</publisher-name>
          <year iso-8601-date="2021">2021</year>
          <volume>12</volume>
          <issue>7</issue>
          <fpage>1084</fpage>
          <lpage></lpage>
        </element-citation>
      </ref>
      <ref id="ref-nurk2020hicanu">
        <element-citation publication-type="article-journal">
          <person-group person-group-type="author">
            <name><surname>Nurk</surname><given-names>Sergey</given-names></name>
            <name><surname>Walenz</surname><given-names>Brian P</given-names></name>
            <name><surname>Rhie</surname><given-names>Arang</given-names></name>
            <name><surname>Vollger</surname><given-names>Mitchell R</given-names></name>
            <name><surname>Logsdon</surname><given-names>Glennis A</given-names></name>
            <name><surname>Grothe</surname><given-names>Robert</given-names></name>
            <name><surname>Miga</surname><given-names>Karen H</given-names></name>
            <name><surname>Eichler</surname><given-names>Evan E</given-names></name>
            <name><surname>Phillippy</surname><given-names>Adam M</given-names></name>
            <name><surname>Koren</surname><given-names>Sergey</given-names></name>
          </person-group>
          <article-title>HiCanu: Accurate assembly of segmental duplications, satellites, and allelic variants from high-fidelity long reads</article-title>
          <source>Genome research</source>
          <publisher-name>Cold Spring Harbor Lab</publisher-name>
          <year iso-8601-date="2020">2020</year>
          <volume>30</volume>
          <issue>9</issue>
          <fpage>1291</fpage>
          <lpage>1305</lpage>
        </element-citation>
      </ref>
      <ref id="ref-lu2022">
        <element-citation publication-type="article-journal">
          <person-group person-group-type="author">
            <name><surname>Lu</surname><given-names>Jennifer</given-names></name>
            <name><surname>Rincon</surname><given-names>Natalia</given-names></name>
            <name><surname>Wood</surname><given-names>Derrick E.</given-names></name>
            <name><surname>Breitwieser</surname><given-names>Florian P.</given-names></name>
            <name><surname>Pockrandt</surname><given-names>Christopher</given-names></name>
            <name><surname>Langmead</surname><given-names>Ben</given-names></name>
            <name><surname>Salzberg</surname><given-names>Steven L.</given-names></name>
            <name><surname>Steinegger</surname><given-names>Martin</given-names></name>
          </person-group>
          <article-title>Metagenome analysis using the Kraken software suite</article-title>
          <source>Nature Protocols</source>
          <year iso-8601-date="2022-09-28">2022</year><month>09</month><day>28</day>
          <volume>17</volume>
          <issue>12</issue>
          <uri>http://dx.doi.org/10.1038/s41596-022-00738-y</uri>
          <pub-id pub-id-type="doi">10.1038/s41596-022-00738-y</pub-id>
          <fpage>2815</fpage>
          <lpage>2839</lpage>
        </element-citation>
      </ref>
      <ref id="ref-li2018minimap2">
        <element-citation publication-type="article-journal">
          <person-group person-group-type="author">
            <name><surname>Li</surname><given-names>Heng</given-names></name>
          </person-group>
          <article-title>Minimap2: Pairwise alignment for nucleotide sequences</article-title>
          <source>Bioinformatics</source>
          <publisher-name>Oxford University Press</publisher-name>
          <year iso-8601-date="2018">2018</year>
          <volume>34</volume>
          <issue>18</issue>
          <fpage>3094</fpage>
          <lpage>3100</lpage>
        </element-citation>
      </ref>
      <ref id="ref-li2010fast">
        <element-citation publication-type="article-journal">
          <person-group person-group-type="author">
            <name><surname>Li</surname><given-names>Heng</given-names></name>
            <name><surname>Durbin</surname><given-names>Richard</given-names></name>
          </person-group>
          <article-title>Fast and accurate long-read alignment with burrows–wheeler transform</article-title>
          <source>Bioinformatics</source>
          <publisher-name>Oxford University Press</publisher-name>
          <year iso-8601-date="2010">2010</year>
          <volume>26</volume>
          <issue>5</issue>
          <fpage>589</fpage>
          <lpage>595</lpage>
        </element-citation>
      </ref>
      <ref id="ref-hickey2023">
        <element-citation publication-type="article-journal">
          <person-group person-group-type="author">
            <name><surname>Hickey</surname><given-names>Glenn</given-names></name>
            <name><surname>Monlong</surname><given-names>Jean</given-names></name>
            <name><surname>Ebler</surname><given-names>Jana</given-names></name>
            <name><surname>Novak</surname><given-names>Adam M.</given-names></name>
            <name><surname>Eizenga</surname><given-names>Jordan M.</given-names></name>
            <name><surname>Gao</surname><given-names>Yan</given-names></name>
            <name><surname>Abel</surname><given-names>Haley J.</given-names></name>
            <name><surname>Antonacci-Fulton</surname><given-names>Lucinda L.</given-names></name>
            <name><surname>Asri</surname><given-names>Mobin</given-names></name>
            <name><surname>Baid</surname><given-names>Gunjan</given-names></name>
            <name><surname>Baker</surname><given-names>Carl A.</given-names></name>
            <name><surname>Belyaeva</surname><given-names>Anastasiya</given-names></name>
            <name><surname>Billis</surname><given-names>Konstantinos</given-names></name>
            <name><surname>Bourque</surname><given-names>Guillaume</given-names></name>
            <name><surname>Buonaiuto</surname><given-names>Silvia</given-names></name>
            <name><surname>Carroll</surname><given-names>Andrew</given-names></name>
            <name><surname>Chaisson</surname><given-names>Mark J. P.</given-names></name>
            <name><surname>Chang</surname><given-names>Pi-Chuan</given-names></name>
            <name><surname>Chang</surname><given-names>Xian H.</given-names></name>
            <name><surname>Cheng</surname><given-names>Haoyu</given-names></name>
            <name><surname>Chu</surname><given-names>Justin</given-names></name>
            <name><surname>Cody</surname><given-names>Sarah</given-names></name>
            <name><surname>Colonna</surname><given-names>Vincenza</given-names></name>
            <name><surname>Cook</surname><given-names>Daniel E.</given-names></name>
            <name><surname>Cook-Deegan</surname><given-names>Robert M.</given-names></name>
            <name><surname>Cornejo</surname><given-names>Omar E.</given-names></name>
            <name><surname>Diekhans</surname><given-names>Mark</given-names></name>
            <name><surname>Doerr</surname><given-names>Daniel</given-names></name>
            <name><surname>Ebert</surname><given-names>Peter</given-names></name>
            <name><surname>Ebler</surname><given-names>Jana</given-names></name>
            <name><surname>Eichler</surname><given-names>Evan E.</given-names></name>
            <name><surname>Fairley</surname><given-names>Susan</given-names></name>
            <name><surname>Fedrigo</surname><given-names>Olivier</given-names></name>
            <name><surname>Felsenfeld</surname><given-names>Adam L.</given-names></name>
            <name><surname>Feng</surname><given-names>Xiaowen</given-names></name>
            <name><surname>Fischer</surname><given-names>Christian</given-names></name>
            <name><surname>Flicek</surname><given-names>Paul</given-names></name>
            <name><surname>Formenti</surname><given-names>Giulio</given-names></name>
            <name><surname>Frankish</surname><given-names>Adam</given-names></name>
            <name><surname>Fulton</surname><given-names>Robert S.</given-names></name>
            <name><surname>Garg</surname><given-names>Shilpa</given-names></name>
            <name><surname>Garrison</surname><given-names>Erik</given-names></name>
            <name><surname>Garrison</surname><given-names>Nanibaa’ A.</given-names></name>
            <name><surname>Giron</surname><given-names>Carlos Garcia</given-names></name>
            <name><surname>Green</surname><given-names>Richard E.</given-names></name>
            <name><surname>Groza</surname><given-names>Cristian</given-names></name>
            <name><surname>Guarracino</surname><given-names>Andrea</given-names></name>
            <name><surname>Haggerty</surname><given-names>Leanne</given-names></name>
            <name><surname>Hall</surname><given-names>Ira M.</given-names></name>
            <name><surname>Harvey</surname><given-names>William T.</given-names></name>
            <name><surname>Haukness</surname><given-names>Marina</given-names></name>
            <name><surname>Haussler</surname><given-names>David</given-names></name>
            <name><surname>Heumos</surname><given-names>Simon</given-names></name>
            <name><surname>Hoekzema</surname><given-names>Kendra</given-names></name>
            <name><surname>Hourlier</surname><given-names>Thibaut</given-names></name>
            <name><surname>Howe</surname><given-names>Kerstin</given-names></name>
            <name><surname>Jain</surname><given-names>Miten</given-names></name>
            <name><surname>Jarvis</surname><given-names>Erich D.</given-names></name>
            <name><surname>Ji</surname><given-names>Hanlee P.</given-names></name>
            <name><surname>Kenny</surname><given-names>Eimear E.</given-names></name>
            <name><surname>Koenig</surname><given-names>Barbara A.</given-names></name>
            <name><surname>Kolesnikov</surname><given-names>Alexey</given-names></name>
            <name><surname>Korbel</surname><given-names>Jan O.</given-names></name>
            <name><surname>Kordosky</surname><given-names>Jennifer</given-names></name>
            <name><surname>Koren</surname><given-names>Sergey</given-names></name>
            <name><surname>Lee</surname><given-names>HoJoon</given-names></name>
            <name><surname>Lewis</surname><given-names>Alexandra P.</given-names></name>
            <name><surname>Liao</surname><given-names>Wen-Wei</given-names></name>
            <name><surname>Lu</surname><given-names>Shuangjia</given-names></name>
            <name><surname>Lu</surname><given-names>Tsung-Yu</given-names></name>
            <name><surname>Lucas</surname><given-names>Julian K.</given-names></name>
            <name><surname>Magalhães</surname><given-names>Hugo</given-names></name>
            <name><surname>Marco-Sola</surname><given-names>Santiago</given-names></name>
            <name><surname>Marijon</surname><given-names>Pierre</given-names></name>
            <name><surname>Markello</surname><given-names>Charles</given-names></name>
            <name><surname>Marschall</surname><given-names>Tobias</given-names></name>
            <name><surname>Martin</surname><given-names>Fergal J.</given-names></name>
            <name><surname>McCartney</surname><given-names>Ann</given-names></name>
            <name><surname>McDaniel</surname><given-names>Jennifer</given-names></name>
            <name><surname>Miga</surname><given-names>Karen H.</given-names></name>
            <name><surname>Mitchell</surname><given-names>Matthew W.</given-names></name>
            <name><surname>Mountcastle</surname><given-names>Jacquelyn</given-names></name>
            <name><surname>Munson</surname><given-names>Katherine M.</given-names></name>
            <name><surname>Mwaniki</surname><given-names>Moses Njagi</given-names></name>
            <name><surname>Nattestad</surname><given-names>Maria</given-names></name>
            <name><surname>Nurk</surname><given-names>Sergey</given-names></name>
            <name><surname>Olsen</surname><given-names>Hugh E.</given-names></name>
            <name><surname>Olson</surname><given-names>Nathan D.</given-names></name>
            <name><surname>Pesout</surname><given-names>Trevor</given-names></name>
            <name><surname>Phillippy</surname><given-names>Adam M.</given-names></name>
            <name><surname>Popejoy</surname><given-names>Alice B.</given-names></name>
            <name><surname>Porubsky</surname><given-names>David</given-names></name>
            <name><surname>Prins</surname><given-names>Pjotr</given-names></name>
            <name><surname>Puiu</surname><given-names>Daniela</given-names></name>
            <name><surname>Rautiainen</surname><given-names>Mikko</given-names></name>
            <name><surname>Regier</surname><given-names>Allison A.</given-names></name>
            <name><surname>Rhie</surname><given-names>Arang</given-names></name>
            <name><surname>Sacco</surname><given-names>Samuel</given-names></name>
            <name><surname>Sanders</surname><given-names>Ashley D.</given-names></name>
            <name><surname>Schneider</surname><given-names>Valerie A.</given-names></name>
            <name><surname>Schultz</surname><given-names>Baergen I.</given-names></name>
            <name><surname>Shafin</surname><given-names>Kishwar</given-names></name>
            <name><surname>Sibbesen</surname><given-names>Jonas A.</given-names></name>
            <name><surname>Sirén</surname><given-names>Jouni</given-names></name>
            <name><surname>Smith</surname><given-names>Michael W.</given-names></name>
            <name><surname>Sofia</surname><given-names>Heidi J.</given-names></name>
            <name><surname>Tayoun</surname><given-names>Ahmad N. Abou</given-names></name>
            <name><surname>Thibaud-Nissen</surname><given-names>Françoise</given-names></name>
            <name><surname>Tomlinson</surname><given-names>Chad</given-names></name>
            <name><surname>Tricomi</surname><given-names>Francesca Floriana</given-names></name>
            <name><surname>Villani</surname><given-names>Flavia</given-names></name>
            <name><surname>Vollger</surname><given-names>Mitchell R.</given-names></name>
            <name><surname>Wagner</surname><given-names>Justin</given-names></name>
            <name><surname>Walenz</surname><given-names>Brian</given-names></name>
            <name><surname>Wang</surname><given-names>Ting</given-names></name>
            <name><surname>Wood</surname><given-names>Jonathan M. D.</given-names></name>
            <name><surname>Zimin</surname><given-names>Aleksey V.</given-names></name>
            <name><surname>Zook</surname><given-names>Justin M.</given-names></name>
            <name><surname>Marschall</surname><given-names>Tobias</given-names></name>
            <name><surname>Li</surname><given-names>Heng</given-names></name>
            <name><surname>Paten</surname><given-names>Benedict</given-names></name>
          </person-group>
          <article-title>Pangenome graph construction from genome alignments with Minigraph-Cactus</article-title>
          <source>Nature Biotechnology</source>
          <year iso-8601-date="2023-05-10">2023</year><month>05</month><day>10</day>
          <volume>42</volume>
          <issue>4</issue>
          <uri>http://dx.doi.org/10.1038/s41587-023-01793-w</uri>
          <pub-id pub-id-type="doi">10.1038/s41587-023-01793-w</pub-id>
          <fpage>663</fpage>
          <lpage>673</lpage>
        </element-citation>
      </ref>
      <ref id="ref-garrison2018">
        <element-citation publication-type="article-journal">
          <person-group person-group-type="author">
            <name><surname>Garrison</surname><given-names>Erik</given-names></name>
            <name><surname>Sirén</surname><given-names>Jouni</given-names></name>
            <name><surname>Novak</surname><given-names>Adam M</given-names></name>
            <name><surname>Hickey</surname><given-names>Glenn</given-names></name>
            <name><surname>Eizenga</surname><given-names>Jordan M</given-names></name>
            <name><surname>Dawson</surname><given-names>Eric T</given-names></name>
            <name><surname>Jones</surname><given-names>William</given-names></name>
            <name><surname>Garg</surname><given-names>Shilpa</given-names></name>
            <name><surname>Markello</surname><given-names>Charles</given-names></name>
            <name><surname>Lin</surname><given-names>Michael F</given-names></name>
            <name><surname>Paten</surname><given-names>Benedict</given-names></name>
            <name><surname>Durbin</surname><given-names>Richard</given-names></name>
          </person-group>
          <article-title>Variation graph toolkit improves read mapping by representing genetic variation in the reference</article-title>
          <source>Nature Biotechnology</source>
          <year iso-8601-date="2018-10">2018</year><month>10</month>
          <volume>36</volume>
          <issue>9</issue>
          <uri>http://dx.doi.org/10.1038/nbt.4227</uri>
          <pub-id pub-id-type="doi">10.1038/nbt.4227</pub-id>
          <fpage>875</fpage>
          <lpage>879</lpage>
        </element-citation>
      </ref>
      <ref id="ref-danecek2021">
        <element-citation publication-type="article-journal">
          <person-group person-group-type="author">
            <name><surname>Danecek</surname><given-names>Petr</given-names></name>
            <name><surname>Bonfield</surname><given-names>James K</given-names></name>
            <name><surname>Liddle</surname><given-names>Jennifer</given-names></name>
            <name><surname>Marshall</surname><given-names>John</given-names></name>
            <name><surname>Ohan</surname><given-names>Valeriu</given-names></name>
            <name><surname>Pollard</surname><given-names>Martin O</given-names></name>
            <name><surname>Whitwham</surname><given-names>Andrew</given-names></name>
            <name><surname>Keane</surname><given-names>Thomas</given-names></name>
            <name><surname>McCarthy</surname><given-names>Shane A</given-names></name>
            <name><surname>Davies</surname><given-names>Robert M</given-names></name>
            <name><surname>Li</surname><given-names>Heng</given-names></name>
          </person-group>
          <article-title>Twelve years of SAMtools and BCFtools</article-title>
          <source>GigaScience</source>
          <year iso-8601-date="2021-01-29">2021</year><month>01</month><day>29</day>
          <volume>10</volume>
          <issue>2</issue>
          <uri>http://dx.doi.org/10.1093/gigascience/giab008</uri>
          <pub-id pub-id-type="doi">10.1093/gigascience/giab008</pub-id>
        </element-citation>
      </ref>
      <ref id="ref-rautiainen2020">
        <element-citation publication-type="article-journal">
          <person-group person-group-type="author">
            <name><surname>Rautiainen</surname><given-names>Mikko</given-names></name>
            <name><surname>Marschall</surname><given-names>Tobias</given-names></name>
          </person-group>
          <article-title>GraphAligner: rapid and versatile sequence-to-graph alignment</article-title>
          <source>Genome Biology</source>
          <year iso-8601-date="2020-09-24">2020</year><month>09</month><day>24</day>
          <volume>21</volume>
          <issue>1</issue>
          <uri>http://dx.doi.org/10.1186/s13059-020-02157-2</uri>
          <pub-id pub-id-type="doi">10.1186/s13059-020-02157-2</pub-id>
        </element-citation>
      </ref>
      <ref id="ref-sirén2021">
        <element-citation publication-type="article-journal">
          <person-group person-group-type="author">
            <name><surname>Sirén</surname><given-names>Jouni</given-names></name>
            <name><surname>Monlong</surname><given-names>Jean</given-names></name>
            <name><surname>Chang</surname><given-names>Xian</given-names></name>
            <name><surname>Novak</surname><given-names>Adam M.</given-names></name>
            <name><surname>Eizenga</surname><given-names>Jordan M.</given-names></name>
            <name><surname>Markello</surname><given-names>Charles</given-names></name>
            <name><surname>Sibbesen</surname><given-names>Jonas A.</given-names></name>
            <name><surname>Hickey</surname><given-names>Glenn</given-names></name>
            <name><surname>Chang</surname><given-names>Pi-Chuan</given-names></name>
            <name><surname>Carroll</surname><given-names>Andrew</given-names></name>
            <name><surname>Gupta</surname><given-names>Namrata</given-names></name>
            <name><surname>Gabriel</surname><given-names>Stacey</given-names></name>
            <name><surname>Blackwell</surname><given-names>Thomas W.</given-names></name>
            <name><surname>Ratan</surname><given-names>Aakrosh</given-names></name>
            <name><surname>Taylor</surname><given-names>Kent D.</given-names></name>
            <name><surname>Rich</surname><given-names>Stephen S.</given-names></name>
            <name><surname>Rotter</surname><given-names>Jerome I.</given-names></name>
            <name><surname>Haussler</surname><given-names>David</given-names></name>
            <name><surname>Garrison</surname><given-names>Erik</given-names></name>
            <name><surname>Paten</surname><given-names>Benedict</given-names></name>
          </person-group>
          <article-title>Pangenomics enables genotyping of known structural variants in 5202 diverse genomes</article-title>
          <source>Science</source>
          <year iso-8601-date="2021-12-17">2021</year><month>12</month><day>17</day>
          <volume>374</volume>
          <issue>6574</issue>
          <uri>http://dx.doi.org/10.1126/science.abg8871</uri>
          <pub-id pub-id-type="doi">10.1126/science.abg8871</pub-id>
        </element-citation>
      </ref>
      <ref id="ref-gurevich2013quast">
        <element-citation publication-type="article-journal">
          <person-group person-group-type="author">
            <name><surname>Gurevich</surname><given-names>Alexey</given-names></name>
            <name><surname>Saveliev</surname><given-names>Vladislav</given-names></name>
            <name><surname>Vyahhi</surname><given-names>Nikolay</given-names></name>
            <name><surname>Tesler</surname><given-names>Glenn</given-names></name>
          </person-group>
          <article-title>QUAST: Quality assessment tool for genome assemblies</article-title>
          <source>Bioinformatics</source>
          <publisher-name>Oxford University Press</publisher-name>
          <year iso-8601-date="2013">2013</year>
          <volume>29</volume>
          <issue>8</issue>
          <fpage>1072</fpage>
          <lpage>1075</lpage>
        </element-citation>
      </ref>
      <ref id="ref-simao2015busco">
        <element-citation publication-type="article-journal">
          <person-group person-group-type="author">
            <name><surname>Simão</surname><given-names>Felipe A</given-names></name>
            <name><surname>Waterhouse</surname><given-names>Robert M</given-names></name>
            <name><surname>Ioannidis</surname><given-names>Panagiotis</given-names></name>
            <name><surname>Kriventseva</surname><given-names>Evgenia V</given-names></name>
            <name><surname>Zdobnov</surname><given-names>Evgeny M</given-names></name>
          </person-group>
          <article-title>BUSCO: Assessing genome assembly and annotation completeness with single-copy orthologs</article-title>
          <source>Bioinformatics</source>
          <publisher-name>Oxford University Press</publisher-name>
          <year iso-8601-date="2015">2015</year>
          <volume>31</volume>
          <issue>19</issue>
          <fpage>3210</fpage>
          <lpage>3212</lpage>
        </element-citation>
      </ref>
      <ref id="ref-parmigiani2024">
        <element-citation publication-type="article-journal">
          <person-group person-group-type="author">
            <name><surname>Parmigiani</surname><given-names>Luca</given-names></name>
            <name><surname>Garrison</surname><given-names>Erik</given-names></name>
            <name><surname>Stoye</surname><given-names>Jens</given-names></name>
            <name><surname>Marschall</surname><given-names>Tobias</given-names></name>
            <name><surname>Doerr</surname><given-names>Daniel</given-names></name>
          </person-group>
          <article-title>Panacus: fast and exact pangenome growth and core size estimation</article-title>
          <source>Bioinformatics</source>
          <person-group person-group-type="editor">
            <name><surname>Kelso</surname><given-names>Janet</given-names></name>
          </person-group>
          <year iso-8601-date="2024-11-29">2024</year><month>11</month><day>29</day>
          <uri>http://dx.doi.org/10.1093/bioinformatics/btae720</uri>
          <pub-id pub-id-type="doi">10.1093/bioinformatics/btae720</pub-id>
        </element-citation>
      </ref>
    </ref-list>
  </sec>
</sec>
</body>

<back>
</back>



</article>